voir;205;ver
oncle;137;nom
laura;129;nr
nasias;67;nr
homme;57;nom
aller;55;ver
monde;54;nom
grand;53;adj
prendre;52;ver
parler;52;ver
trouver;51;ver
cristal;51;nom
walter;50;nom
sentir;50;ver
répondre;48;ver
petit;48;adj
venir;46;ver
jour;40;nom
chose;38;nom
regarder;37;ver
passer;36;ver
vie;35;nom
reprendre;35;ver
main;35;nom
donner;35;ver
aimer;35;ver
sembler;34;ver
laisser;34;ver
temps;33;nom
paraître;33;ver
oeil;33;nom
cher;33;adj
beau;33;adj
fois;31;nom
devenir;31;ver
mettre;30;ver
mer;30;nom
écrier;29;ver
seul;29;adj
demander;28;ver
force;27;nom
suivre;26;ver
permettre;26;ver
gemme;26;nom
soleil;25;nom
pied;25;nom
marcher;25;ver
entendre;25;ver
diamant;25;nom
montrer;24;ver
moment;24;nom
heure;24;nom
figure;24;nom
terre;23;nom
région;23;nom
reconnaître;23;ver
premier;23;adj
glace;23;nom
forme;23;nom
coup;23;nom
animal;23;nom
voyage;22;nom
tungsténius;22;nr
effet;22;nom
appeler;22;ver
songer;21;ver
rêve;21;nom
polaire;21;adj
géode;21;nom
esprit;21;nom
étrange;20;adj
voix;20;nom
tête;20;nom
rester;20;ver
rendre;20;ver
quitter;20;ver
lumière;20;nom
long;20;adj
cousin;20;nom
connaître;20;ver
comprendre;20;ver
chercher;20;ver
chaleur;20;nom
bout;20;nom
véritable;19;adj
sortir;19;ver
père;19;nom
pic;19;nom
ouvrir;19;ver
nuit;19;nom
nouveau;19;adj
nature;19;nom
instant;19;nom
esquimau;19;nom
enfant;19;nom
attendre;19;ver
traîneau;18;nom
rire;18;ver
regard;18;nom
lieu;18;nom
impossible;18;adj
entrer;18;ver
arriver;18;ver
science;17;nom
peine;17;nom
part;17;nom
neige;17;nom
montagne;17;nom
fond;17;nom
compte;17;nom
éclat;16;nom
traverser;16;ver
présenter;16;ver
possible;16;adj
pauvre;16;adj
navire;16;nom
manière;16;nom
idée;16;nom
eau;16;nom
doute;16;nom
côté;16;nom
agir;16;ver
vivre;15;ver
vain;15;adj
revenir;15;ver
pôle;15;nom
pierre;15;nom
magnifique;15;adj
jardin;15;nom
immense;15;adj
fille;15;nom
descendre;15;ver
dernier;15;adj
couleur;15;nom
ciel;15;nom
chien;15;nom
apprendre;15;ver
ami;15;nom
air;15;nom
abandonner;15;ver
vision;14;nom
surprendre;14;ver
remplir;14;ver
raison;14;nom
porter;14;ver
perdre;14;ver
occuper;14;ver
mystérieux;14;adj
jeter;14;ver
doux;14;adj
coeur;14;nom
brillant;14;adj
atteindre;14;ver
asseoir;14;ver
alexis;14;nr
île;13;nom
équipage;13;nom
tomber;13;ver
terrestre;13;adj
rose;13;adj
nom;13;nom
mot;13;nom
mort;13;nom
milieu;13;nom
lac;13;nom
inconnu;13;nom
imagination;13;nom
espèce;13;nom
compagnon;13;nom
bruit;13;nom
briser;13;ver
blanc;13;adj
besoin;13;nom
éveiller;12;ver
étendre;12;ver
éteindre;12;ver
écouter;12;ver
volcanique;12;adj
travail;12;nom
tenir;12;ver
seulement;12;adv
servir;12;ver
rappeler;12;ver
près_de;12;adv
porte;12;nom
pensée;12;nom
offrir;12;ver
marier;12;ver
manger;12;ver
ignorer;12;ver
hypothèse;12;nom
humain;12;adj
galerie;12;nom
froid;12;adj
franchir;12;ver
fou;12;adj
existence;12;nom
essayer;12;ver
ensemble;12;adv
contempler;12;ver
collection;12;nom
chambre;12;nom
bras;12;nom
bientôt;12;adv
abîme;12;nom
étude;11;nom
étonner;11;ver
écrire;11;ver
échantillon;11;nom
vitrine;11;nom
verre;11;nom
travers;11;nom
riche;11;adj
reflet;11;nom
plaisir;11;nom
placer;11;ver
pirogue;11;nom
parfaitement;11;adv
oublier;11;ver
nord;11;nom
moyen;11;nom
monter;11;ver
intérieur;11;nom
haut;11;adj
grotte;11;nom
emporter;11;ver
distinguer;11;ver
disparaître;11;ver
complet;11;adj
bord;11;nom
arrêter;11;ver
améthyste;11;nom
état;10;nom
surface;10;nom
subir;10;ver
souvenir;10;ver
réel;10;adj
réalité;10;nom
puissant;10;adj
prétendre;10;ver
précieux;10;adj
propre;10;adj
produire;10;ver
partir;10;ver
partie;10;nom
parole;10;nom
oiseau;10;nom
naturel;10;adj
lit;10;nom
lever;10;ver
inutile;10;adj
importer;10;ver
image;10;nom
gros;10;adj
gigantesque;10;adj
fatiguer;10;ver
détail;10;nom
dormir;10;ver
cri;10;nom
cours;10;nom
coucher;10;ver
assurer;10;ver
artiste;10;nom
vide;9;adj
vague;9;nom
tantôt;9;adv
sûr;9;adj
spectacle;9;nom
sol;9;nom
savant;9;nom
richesse;9;nom
retourner;9;ver
profondeur;9;nom
penser;9;ver
noir;9;adj
mètre;9;nom
minéralogique;9;adj
minéral;9;nom
masse;9;nom
maison;9;nom
grosseur;9;nom
globe;9;nom
glacé;9;adj
former;9;ver
feu;9;nom
fantaisie;9;nom
distance;9;nom
contenir;9;ver
confiance;9;nom
conduire;9;ver
complètement;9;adv
chemin;9;nom
changer;9;ver
cesser;9;ver
certainement;9;adv
cacher;9;ver
approcher;9;ver
épreuve;8;nom
trace;8;nom
taille;8;nom
sérieux;8;adj
supporter;8;ver
sublime;8;adj
souterrain;8;adj
sorte;8;nom
secret;8;nom
saisir;8;ver
roche;8;nom
retrouver;8;ver
remarquer;8;ver
recevoir;8;ver
pus;8;adj
pur;8;adj
parcourir;8;ver
oreille;8;nom
notion;8;nom
mois;8;nom
lire;8;ver
limite;8;nom
journée;8;nom
insensé;8;adj
imaginer;8;ver
habituer;8;ver
fleur;8;nom
flanc;8;nom
fischhausen;8;nr
fantastique;8;adj
expliquer;8;ver
excellent;8;adj
entier;8;adj
découvrir;8;ver
courir;8;ver
courant;8;nom
corps;8;nom
convenir;8;ver
contrée;8;nom
colossal;8;adj
clarté;8;nom
charme;8;nom
centre;8;nom
campagne;8;nom
but;8;nom
boréal;8;adj
beauté;8;nom
apercevoir;8;ver
amour;8;nom
aiguille;8;nom
agréable;8;adj
action;8;nom
éprouver;7;ver
élevé;7;adj
élever;7;ver
âme;7;nom
voler;7;ver
vert;7;adj
vent;7;nom
valoir;7;ver
valeur;7;nom
utile;7;adj
trésor;7;nom
torrent;7;nom
supposer;7;ver
station;7;nom
silence;7;nom
sauvage;7;adj
révéler;7;ver
route;7;nom
rompre;7;ver
rejoindre;7;ver
rapide;7;adj
raisonnement;7;nom
péril;7;nom
pénible;7;adj
puissance;7;nom
profond;7;adj
positif;7;adj
plutôt;7;adv
plein;7;adj
planète;7;nom
phénomène;7;nom
pays;7;nom
objet;7;nom
nécessaire;7;adj
nuage;7;nom
moquer;7;ver
merveille;7;nom
matière;7;nom
mariage;7;nom
manquer;7;ver
malheureux;7;adj
léger;7;adj
lieue;7;nom
joie;7;nom
jeune;7;adj
interroger;7;ver
hâter;7;ver
hauteur;7;nom
guère;7;adv
gouvernante;7;nom
glacier;7;nom
genre;7;nom
garder;7;ver
front;7;nom
forêt;7;nom
fièvre;7;nom
fixer;7;ver
fatigue;7;nom
famille;7;nom
excavation;7;nom
espace;7;nom
engager;7;ver
enchanté;7;adj
désirer;7;ver
dépit;7;nom
défendre;7;ver
disposer;7;ver
curieux;7;adj
couvrir;7;ver
courage;7;nom
consentir;7;ver
confus;7;adj
commerce;7;nom
commencer;7;ver
climat;7;nom
choisir;7;ver
calme;7;nom
briller;7;ver
bois;7;nom
bloc;7;nom
bizarre;7;adj
bas;7;adj
avancer;7;ver
aspect;7;nom
ardent;7;adj
année;7;nom
amuser;7;ver
amitié;7;nom
admirable;7;adj
abattre;7;ver
étudier;6;ver
épaule;6;nom
énorme;6;adj
électrique;6;adj
égard;6;nom
écorce;6;nom
voûte;6;nom
volonté;6;nom
ville;6;nom
unique;6;adj
transparent;6;adj
tranquillement;6;adv
tranquille;6;adj
tapisser;6;ver
séparer;6;ver
surprise;6;nom
suite;6;nom
substance;6;nom
stupide;6;adj
splendeur;6;nom
sourire;6;ver
scène;6;nom
scientifique;6;adj
régner;6;ver
réellement;6;adv
rocher;6;nom
repos;6;nom
rentrer;6;ver
renoncer;6;ver
relation;6;nom
redevenir;6;ver
rayonnement;6;nom
ramasser;6;ver
railleur;6;adj
quartz;6;nom
préparer;6;ver
prisme;6;nom
posséder;6;ver
poser;6;ver
plante;6;nom
plaire;6;ver
place;6;nom
parvenir;6;ver
opinion;6;nom
oeuf;6;nom
mêler;6;ver
misérable;6;adj
marchand;6;nom
machinalement;6;adv
lointain;6;adj
laver;6;ver
jusque_là;6;adv
joli;6;adj
invisible;6;adj
influence;6;nom
idéal;6;adj
horrible;6;adj
honnête;6;adj
histoire;6;nom
heureux;6;adj
hasard;6;nom
hartz;6;nr
hallucination;6;nom
habitude;6;nom
géologique;6;adj
grâce;6;nom
grandiose;6;adj
gens;6;nom
gagner;6;ver
frapper;6;ver
foyer;6;nom
fourrure;6;nom
fin;6;adj
fermer;6;ver
fer;6;nom
faim;6;nom
faculté;6;nom
endormir;6;ver
empêcher;6;ver
effrayant;6;adj
désormais;6;adv
débris;6;nom
dresser;6;ver
dissiper;6;ver
dessiner;6;ver
degré;6;nom
cueillir;6;ver
cristallisation;6;nom
crier;6;ver
corde;6;nom
convaincre;6;ver
continuer;6;ver
coin;6;nom
cime;6;nom
chef;6;nom
charmant;6;adj
cause;6;nom
caravane;6;nom
brume;6;nom
bouche;6;nom
botanique;6;adj
base;6;nom
bande;6;nom
aurore;6;nom
attacher;6;ver
arracher;6;ver
aider;6;ver
accès;6;nom
absolument;6;adv
îlot;5;nom
événement;5;nom
étoile;5;nom
éternel;5;adj
étendue;5;nom
établissement;5;nom
épouser;5;ver
énergie;5;nom
élancer;5;ver
élan;5;nom
échange;5;nom
végétal;5;adj
vulgaire;5;adj
vraiment;5;adv
vol;5;nom
vieux;5;adj
veille;5;nom
vaste;5;adj
vacance;5;nom
tuer;5;ver
travailler;5;ver
tourmaline;5;nr
tour;5;nom
toucher;5;ver
tirer;5;ver
tendre;5;adj
tellement;5;adv
tantale;5;nr
table;5;nom
suffire;5;ver
soulever;5;ver
soucier;5;ver
sombre;5;adj
solide;5;adj
situer;5;ver
situation;5;nom
sentiment;5;nom
saphir;5;nom
sang;5;nom
résoudre;5;ver
répandre;5;ver
rouge;5;adj
rive;5;nom
rivage;5;nom
retour;5;nom
retirer;5;ver
reprocher;5;ver
repas;5;nom
renouveler;5;ver
regretter;5;ver
ravin;5;nom
pénétrer;5;ver
prêt;5;adj
présence;5;nom
prouver;5;ver
protéger;5;ver
prodigieux;5;adj
pratique;5;adj
pousser;5;ver
pluie;5;nom
plonger;5;ver
physique;5;adj
passage;5;nom
palais;5;nom
oser;5;ver
opale;5;nom
ombre;5;nom
obtenir;5;ver
nullement;5;adv
nu;5;adj
mémoire;5;nom
merveilleux;5;adj
meilleur;5;adj
maladie;5;nom
ligne;5;nom
leçon;5;nom
lancer;5;ver
irriter;5;ver
intéresser;5;ver
intense;5;adj
intelligent;5;adj
industrie;5;nom
horizon;5;nom
fruit;5;nom
fournir;5;ver
formidable;5;adj
foi;5;nom
façon;5;nom
face;5;nom
explorer;5;ver
exister;5;ver
excursion;5;nom
examen;5;nom
estimer;5;ver
entraîner;5;ver
effrayer;5;ver
effort;5;nom
développement;5;nom
détruire;5;ver
déterminer;5;ver
désespoir;5;nom
désert;5;adj
délivrer;5;ver
délire;5;nom
dégager;5;ver
découverte;5;nom
déclarer;5;ver
droit;5;nom
dos;5;nom
doigt;5;nom
diriger;5;ver
dimension;5;nom
dieu;5;nom
destinée;5;nom
destiner;5;ver
demeurer;5;ver
danger;5;nom
cône;5;nom
curiosité;5;nom
creuser;5;ver
cratère;5;nom
crainte;5;nom
couper;5;ver
cornaline;5;nom
considérable;5;adj
conscience;5;nom
connaissance;5;nom
concentrer;5;ver
colère;5;nom
clef;5;nom
clameur;5;nom
cirque;5;nom
circulaire;5;adj
charger;5;ver
cerveau;5;nom
certitude;5;nom
central;5;adj
centaine;5;nom
caverne;5;nom
cascade;5;nom
cas;5;nom
caillou;5;nom
bête;5;nom
borne;5;nom
bonheur;5;nom
bleu;5;adj
banc;5;nom
avouer;5;ver
avenir;5;nom
aride;5;adj
arbre;5;nom
appartenir;5;ver
amener;5;ver
amas;5;nom
aide;5;nom
affaire;5;nom
accorder;5;ver
aborder;5;ver
étroit;4;adj
étranger;4;nom
étonnant;4;adj
épuiser;4;ver
épais;4;adj
émaner;4;ver
élément;4;nom
élytre;4;nom
échapper;4;ver
âge;4;nom
vérité;4;nom
vrai;4;adj
volume;4;nom
vin;4;nom
vaincre;4;ver
univers;4;nom
ténèbres;4;nom
troubler;4;ver
trompeur;4;adj
tourner;4;ver
titre;4;nom
terrible;4;adj
tableau;4;nom
sud;4;nom
succéder;4;ver
subitement;4;adv
suave;4;adj
spectre;4;nom
soupçon;4;nom
soumettre;4;ver
sommet;4;nom
sommeil;4;nom
soir;4;nom
sinistre;4;adj
simple;4;adj
serrer;4;ver
semaine;4;nom
secouer;4;ver
sec;4;adj
sain;4;adj
sable;4;nom
révélation;4;nom
réserver;4;ver
répéter;4;ver
régulier;4;adj
rugissement;4;nom
robe;4;nom
risque;4;nom
riant;4;adj
revêtir;4;ver
revoir;4;ver
respirer;4;ver
reposer;4;ver
reparaître;4;ver
rencontrer;4;ver
remettre;4;ver
remarquable;4;adj
refléter;4;ver
rayon;4;nom
rareté;4;nom
rare;4;adj
raconter;4;ver
racine;4;nom
pétrifier;4;ver
périr;4;ver
préserver;4;ver
présent;4;nom
provision;4;nom
promettre;4;ver
profondément;4;adv
portée;4;nom
pont;4;nom
plume;4;nom
pioche;4;nom
pierreries;4;nom
phrase;4;nom
peur;4;nom
pavillon;4;nom
partager;4;ver
paroi;4;nom
pardonner;4;ver
paralyser;4;ver
orner;4;ver
ordre;4;nom
opaque;4;adj
océan;4;nom
objection;4;nom
nuance;4;nom
noyau;4;nom
nourriture;4;nom
muraille;4;nom
muet;4;adj
mousse;4;nom
monstre;4;nom
moitié;4;nom
mesure;4;nom
matin;4;nom
mari;4;nom
malade;4;adj
magique;4;adj
lune;4;nom
lourd;4;adj
lisbeth;4;nr
limpide;4;adj
lier;4;ver
libre;4;adj
large;4;adj
langue;4;nom
langage;4;nom
laiteux;4;adj
kilomètre;4;nom
jusqu_aux;4;nr
jurer;4;ver
juger;4;ver
italien;4;nom
ironie;4;nom
intéressant;4;adj
intelligence;4;nom
instruire;4;ver
innombrable;4;adj
infini;4;adj
incommensurable;4;adj
illusion;4;nom
habiter;4;ver
géologie;4;nom
guérir;4;ver
gisement;4;nom
garçon;4;nom
gai;4;adj
fée;4;nom
fureur;4;nom
frais;4;adj
fortune;4;nom
forcer;4;ver
folie;4;nom
flotter;4;ver
flatter;4;ver
finir;4;ver
femme;4;nom
farouche;4;adj
falaise;4;nom
extérieur;4;adj
extraordinaire;4;adj
exprimer;4;ver
expression;4;nom
exiger;4;ver
examiner;4;ver
esclave;4;nom
escalier;4;nom
envelopper;4;ver
entrée;4;nom
entourer;4;ver
enthousiasme;4;nom
entasser;4;ver
ennuyer;4;ver
enfermer;4;ver
enfantin;4;adj
emparer;4;ver
effroyable;4;adj
effroi;4;nom
effectivement;4;adv
détroit;4;nom
détacher;4;ver
dépasser;4;ver
décider;4;ver
durée;4;nom
douter;4;ver
distraire;4;ver
digne;4;adj
côte;4;nom
cuivre;4;nom
croûte;4;nom
cristallin;4;adj
court;4;adj
course;4;nom
couronne;4;nom
conviction;4;nom
contenter;4;ver
constater;4;ver
conquérir;4;ver
commun;4;nom
colonne;4;nom
clair;4;adj
christophe;4;nr
chaud;4;adj
chanter;4;ver
casser;4;ver
capable;4;adj
cap;4;nom
brisé;4;adj
brave;4;adj
bien_être;4;nom
beau_frère;4;nom
barbare;4;nom
austère;4;adj
art;4;nom
ardeur;4;nom
arc_en_ciel;4;nom
apprêter;4;ver
apparaître;4;ver
annoncer;4;ver
ambition;4;nom
aise;4;nom
aile;4;nom
accident;4;nom
absolu;4;adj
absence;4;nom
étouffer;3;ver
étonnement;3;nom
étincelle;3;nom
étincelant;3;adj
épouvante;3;nom
élévation;3;nom
éloquence;3;nom
égarer;3;ver
également;3;adv
écrin;3;nom
éclairer;3;ver
vêtir;3;ver
vêtement;3;nom
véritablement;3;adv
véhicule;3;nom
végétation;3;nom
voyageur;3;nom
volcan;3;nom
vitrification;3;nr
vitreux;3;adj
visible;3;adj
visage;3;nom
victime;3;nom
vertige;3;nom
veine;3;nom
vapeur;3;nom
vallée;3;nom
vallon;3;nom
tôt;3;adv
type;3;nom
troupe;3;nom
triste;3;adj
transporter;3;ver
transformer;3;ver
traiter;3;ver
trait;3;nom
traduire;3;ver
tourmenter;3;ver
théorie;3;nom
terreur;3;nom
terrain;3;nom
tapis;3;nom
tailler;3;ver
sévère;3;adj
sécurité;3;nom
sujet;3;nom
succès;3;nom
stupéfait;3;adj
spécial;3;adj
splendide;3;adj
souverain;3;nom
soutenir;3;ver
souriant;3;adj
sottise;3;nom
sot;3;adj
somme;3;nom
solennel;3;adj
site;3;nom
singulier;3;adj
signifier;3;ver
signe;3;nom
signaler;3;ver
sensation;3;nom
semblable;3;adj
saxifrage;3;nom
saule;3;nom
satisfaire;3;ver
santé;3;nom
saluer;3;ver
rôle;3;nom
rêver;3;ver
révolter;3;ver
réveiller;3;ver
réussir;3;ver
résultat;3;nom
résolution;3;nom
résistance;3;nom
répliquer;3;ver
rougir;3;ver
romance;3;nom
ridicule;3;adj
retracer;3;ver
retenir;3;ver
resplendissant;3;adj
reptile;3;nom
repousser;3;ver
renvoyer;3;ver
remplacer;3;ver
remonter;3;ver
remercier;3;ver
relever;3;ver
relatif;3;adj
regret;3;nom
refuser;3;ver
refroidir;3;ver
rationnel;3;adj
rapporter;3;ver
rapport;3;nom
ranimer;3;ver
ramper;3;ver
rampe;3;nom
ramener;3;ver
raillerie;3;nom
puéril;3;adj
public;3;nom
prêter;3;ver
préoccupation;3;nom
précisément;3;adv
promener;3;ver
profiter;3;ver
professeur;3;nom
procurer;3;ver
probablement;3;adv
prix;3;nom
privé;3;adj
primitif;3;adj
prestige;3;nom
presser;3;ver
pressentir;3;ver
poète;3;nom
poursuivre;3;ver
pothèse;3;nr
portant;3;adj
polir;3;ver
poisson;3;nom
pointe;3;nom
poignée;3;nom
po;3;nr
pleurer;3;ver
plateau;3;nom
pipe;3;nom
physionomie;3;nom
phoque;3;nom
perçant;3;adj
perte;3;nom
personnage;3;nom
perse;3;adj
perdu;3;adj
pente;3;nom
peindre;3;ver
peau;3;nom
patient;3;nom
patience;3;nom
passionner;3;ver
passablement;3;adv
parry;3;nr
paresseux;3;adj
os;3;nom
orgie;3;nom
organe;3;nom
occupation;3;nom
obéir;3;ver
observer;3;ver
obscurité;3;nom
nouvelle;3;adj
nourrir;3;ver
nez;3;nom
neveu;3;nom
net;3;adj
naître;3;ver
nain;3;nom
mériter;3;ver
mépris;3;nom
médiocre;3;adj
mâle;3;nom
musique;3;nom
mur;3;nom
mourir;3;ver
morne;3;adj
monture;3;nom
mont;3;nom
mineur;3;adj
mine;3;nom
millier;3;nom
mensonge;3;nom
menaçant;3;adj
menace;3;nom
membre;3;nom
matériel;3;nom
maritime;3;adj
manuscrit;3;nom
maigre;3;adj
magie;3;nom
magicien;3;nom
lèvre;3;nom
lâcher;3;ver
lueur;3;nom
loisir;3;nom
logique;3;adj
livide;3;adj
lichen;3;nom
liberté;3;nom
lettre;3;nom
latitude;3;nom
larme;3;nom
lapidaire;3;adj
lanterne;3;nom
jaune;3;adj
ivresse;3;nom
ivre;3;adj
irisé;3;adj
intervalle;3;nom
intention;3;nom
intensité;3;nom
intellectuel;3;adj
insupportable;3;adj
instinct;3;nom
inquiétude;3;nom
inouï;3;adj
inonder;3;ver
ingrat;3;adj
inerte;3;adj
indigne;3;adj
incomplet;3;adj
incomparable;3;adj
impérieux;3;adj
implacable;3;adj
immobile;3;adj
imaginaire;3;adj
hésiter;3;ver
hypo;3;adv
houille;3;nom
horreur;3;nom
himalaya;3;nom
hardi;3;adj
gîte;3;nom
géodique;3;nr
généreux;3;adj
général;3;nom
géant;3;adj
guide;3;nom
gravir;3;ver
grave;3;adj
gouffre;3;nom
gendre;3;nom
fête;3;nom
féroce;3;adj
fusion;3;nom
furieux;3;adj
fumer;3;ver
fuir;3;ver
formation;3;nom
fonction;3;nom
flot;3;nom
flamme;3;nom
fidèle;3;adj
feuille;3;nom
fenêtre;3;nom
favori;3;adj
favorable;3;adj
fauteuil;3;nom
fantasque;3;adj
fanal;3;nom
faillir;3;ver
facile;3;adj
explication;3;nom
exercer;3;ver
exceptionnel;3;adj
espérer;3;ver
espérance;3;nom
espoir;3;nom
envoyer;3;ver
envisager;3;ver
entretien;3;nom
entièrement;3;adv
enseignement;3;nom
enjoué;3;adj
engouffrer;3;ver
enfance;3;nom
endroit;3;nom
empreinte;3;nom
emmener;3;ver
embraser;3;ver
embarcation;3;nom
efforcer;3;ver
effacer;3;ver
développer;3;ver
désigner;3;ver
déployer;3;ver
départ;3;nom
délicieux;3;adj
délice;3;nom
déjeuner;3;ver
dégel;3;nom
dédain;3;nom
décourager;3;ver
déchirer;3;ver
droite;3;nom
doubler;3;ver
don;3;nom
dominer;3;ver
divinatoire;3;adj
divin;3;adj
distinctement;3;adv
disperser;3;ver
disparu;3;nom
difficile;3;adj
date;3;nom
daigner;3;ver
côtoyer;3;ver
crépuscule;3;nom
créer;3;ver
crâne;3;nom
craindre;3;ver
cou;3;nom
convention;3;nom
convenablement;3;adv
contredire;3;ver
conte;3;nom
conséquent;3;adj
conserver;3;ver
conservateur;3;adj
consacrer;3;ver
confusion;3;nom
confier;3;ver
conduite;3;nom
conducteur;3;nom
compliment;3;nom
comparer;3;ver
comparaison;3;nom
compact;3;adj
combinaison;3;nom
colline;3;nom
chimère;3;nom
cheveu;3;nom
chenal;3;nom
chauffer;3;ver
chant;3;nom
champ;3;nom
chagrin;3;nom
cesse;3;nom
cervelle;3;nom
cercle;3;nom
cendre;3;nom
causer;3;ver
cataclysme;3;nom
cabinet;3;nom
cabine;3;nom
béryl;3;nom
bégayer;3;ver
bégaiement;3;nom
brutal;3;adj
brusquement;3;adv
bronze;3;nom
branche;3;nom
boîte;3;nom
bonté;3;nom
bonnet;3;nom
bondir;3;ver
boire;3;ver
blessure;3;nom
blancheur;3;nom
bienveillant;3;adj
battre;3;ver
bassin;3;nom
banquise;3;nom
baisser;3;ver
baie;3;nom
bague;3;nom
azur;3;nom
aussitôt;3;adv
au_delà;3;adv
astre;3;nom
aspiration;3;nom
apparent;3;adj
analyse;3;nom
amoureux;3;adj
amer;3;adj
ambulant;3;adj
amateur;3;nom
alternativement;3;adv
alimenter;3;ver
ajouter;3;ver
adresser;3;ver
admiration;3;nom
admettre;3;ver
acéré;3;adj
actuel;3;adj
actif;3;adj
accomplir;3;ver
accepter;3;ver
accent;3;nom
abriter;3;ver
évidence;2;nom
étroitesse;2;nom
étinceler;2;ver
étaler;2;ver
établir;2;ver
équiper;2;ver
équateur;2;nom
éprendre;2;ver
époque;2;nom
émotion;2;nom
élancé;2;adj
égypte;2;nr
égayer;2;ver
égal;2;adj
éden;2;nom
écrouler;2;ver
écouler;2;ver
écolier;2;nom
éclater;2;ver
éclatant;2;adj
éclairage;2;nom
échouer;2;ver
ébranler;2;ver
éblouissement;2;nom
éblouir;2;ver
çà;2;adv
âpre;2;adj
âcre;2;adj
vînmes;2;nr
voyager;2;ver
vorace;2;adj
vomir;2;ver
voisin;2;nom
visiter;2;ver
vif;2;adj
verdâtre;2;adj
verdure;2;nom
vendre;2;ver
veiné;2;adj
vaillant;2;adj
vaguement;2;adv
utilité;2;nom
universel;2;adj
unir;2;ver
ubiquité;2;nom
témoigner;2;ver
tâter;2;ver
turquoise;2;nom
tunnel;2;nom
tropical;2;adj
tromper;2;ver
troisième;2;adj
tristesse;2;nom
triomphal;2;adj
traînée;2;nom
traversée;2;nom
trapu;2;adj
transport;2;nom
transparence;2;nom
transformation;2;nom
trajet;2;nom
tracer;2;ver
tourbillon;2;nom
tourbeuses;2;nr
touchant;2;adj
tortue;2;nom
tort;2;nom
torpeur;2;nom
tordre;2;ver
torche;2;nom
tiède;2;adj
tige;2;nom
tante;2;nom
taire;2;ver
tablette;2;nom
sérieusement;2;adv
série;2;nom
sépulcre;2;nom
séduire;2;ver
survivre;2;ver
surprenant;2;adj
surplomber;2;ver
surgir;2;ver
supérieur;2;adj
supposition;2;nom
superstitieux;2;adj
succomber;2;ver
successif;2;adj
subsister;2;ver
stérile;2;adj
stalagmite;2;nom
stalactite;2;nom
stable;2;adj
sphère;2;nom
soustraire;2;ver
sourd;2;adj
souiller;2;ver
souffrir;2;ver
sonore;2;adj
solitude;2;nom
solidité;2;nom
solidement;2;adv
soin;2;nom
soif;2;nom
soie;2;nom
siècle;2;nom
singulièrement;2;adv
simuler;2;ver
serra;2;nom
serein;2;adj
sensé;2;adj
sensibilité;2;nom
semer;2;ver
sein;2;nom
secours;2;nom
seconde;2;nom
savourer;2;ver
sauver;2;ver
satisfaction;2;nom
satiné;2;adj
sang_froid;2;nom
salon;2;nom
saillie;2;nom
sacrifice;2;nom
résumer;2;ver
résister;2;ver
résigner;2;ver
régulièrement;2;adv
réflexion;2;nom
récolte;2;nom
réchauffer;2;ver
réaction;2;nom
rupture;2;nom
ruisseau;2;nom
rude;2;adj
rubis;2;nom
royaume;2;nom
rouler;2;ver
rosée;2;nom
ronfler;2;ver
ronflement;2;nom
ronde;2;nom
rival;2;nom
ricaner;2;ver
retomber;2;ver
retarder;2;ver
ressentir;2;ver
ressembler;2;ver
respectable;2;adj
respect;2;nom
représenter;2;ver
reprise;2;nom
repli;2;nom
renverser;2;ver
renfermer;2;ver
rendormir;2;ver
rencontre;2;nom
rempli;2;adj
reléguer;2;ver
rehausser;2;ver
redoutable;2;adj
reculer;2;ver
recherche;2;nom
rayonnant;2;adj
rauque;2;adj
rapidité;2;nom
rapidement;2;adv
ranger;2;ver
raisonner;2;ver
raisonnable;2;adj
rage;2;nom
rafraîchir;2;ver
quoiqu;2;nr
qualifier;2;ver
quadrupède;2;nom
pédantisme;2;nom
pédant;2;adj
pâle;2;adj
pyramide;2;nom
purement;2;adv
prévoyance;2;nom
prévoir;2;ver
prétexte;2;nom
précédent;2;adj
précis;2;adj
propos;2;nom
proportion;2;nom
projeter;2;ver
proie;2;nom
profit;2;nom
production;2;nom
privilégié;2;adj
prismatique;2;adj
principal;2;adj
pressentiment;2;nom
presse;2;nom
prairie;2;nom
poussière;2;nom
pourtour;2;nom
pourpre;2;adj
pouls;2;nom
position;2;nom
port;2;nom
politesse;2;nom
poison;2;nom
poids;2;nom
poche;2;nom
pli;2;nom
plate_bande;2;nom
plaindre;2;ver
pitié;2;nom
pilier;2;nom
piano;2;nom
philosophique;2;adj
phare;2;nom
peuple;2;nom
persan;2;adj
perle;2;nom
particulier;2;adj
particularité;2;nom
parfum;2;nom
parent;2;nom
pareil;2;adj
papa;2;nom
ouverture;2;nom
ouvert;2;adj
orphelin;2;adj
ornement;2;nom
origine;2;nom
orient;2;nom
orgueil;2;nom
odieux;2;adj
obélisque;2;nom
obéissant;2;adj
obsidienne;2;nom
observation;2;nom
négliger;2;ver
nécessité;2;nom
nécessairement;2;adv
noyer;2;ver
nombre;2;nom
nid;2;nom
nettement;2;adv
naïvement;2;adv
naïf;2;adj
navrant;2;adj
naviguer;2;ver
navigable;2;adj
naturaliste;2;nom
mûr;2;adj
ménage;2;nom
mégalosomes;2;nr
mégalosome;2;nr
médiocrement;2;adv
mère;2;nom
mystère;2;nom
mutilé;2;adj
musée;2;nom
murmurer;2;ver
murmure;2;nom
munition;2;nom
munir;2;ver
monument;2;nom
monstrueux;2;adj
mollement;2;adv
modifier;2;ver
miroir;2;nom
minéralogie;2;nr
milliard;2;nom
mentir;2;ver
mauvais;2;adj
matelot;2;nom
marteau;2;nom
marquer;2;ver
mare;2;nom
malheur;2;nom
léthargie;2;nom
légèrement;2;adv
lumineux;2;adj
lucratif;2;adj
lucide;2;adj
longueur;2;nom
loi;2;nom
livrer;2;ver
littéralement;2;adv
lilas;2;nom
liban;2;nr
lentement;2;adv
lapis;2;nom
lampe;2;nom
laid;2;adj
lacune;2;nom
laborieux;2;adj
kennedy;2;nr
juin;2;nom
joyeux;2;adj
joyau;2;nom
jouer;2;ver
jaloux;2;adj
jais;2;nom
jaillir;2;ver
italie;2;nr
irradiation;2;nom
inviter;2;ver
investigation;2;nom
intérêt;2;nom
intérieurement;2;adv
interrompre;2;ver
interminable;2;adj
insu;2;nom
inspirer;2;ver
insensible;2;adj
inquiéter;2;ver
inquiet;2;adj
inondation;2;nom
ingénieux;2;adj
inexprimable;2;adj
inexploré;2;adj
inexplicable;2;adj
inespéré;2;adj
induction;2;nom
indifférent;2;adj
indifférence;2;nom
inde;2;nom
incommoder;2;ver
incalculable;2;adj
impénétrable;2;adj
impression;2;nom
imposteur;2;nom
imposant;2;adj
impatience;2;nom
igné;2;adj
ignorant;2;adj
iceberg;2;nom
hérissé;2;adj
hyalin;2;nr
humide;2;adj
humanité;2;nom
huile;2;nom
horizontale;2;nom
hivernage;2;nom
hideux;2;adj
hercule;2;nom
herbivore;2;nom
hasardé;2;adj
hasarder;2;ver
harmonie;2;nom
habit;2;nom
habileté;2;nom
habile;2;adj
gésir;2;ver
géodes;2;nr
guerre;2;nom
gré;2;nom
groënland;2;nr
grotesque;2;adj
grossier;2;adj
gratuit;2;adj
goutte;2;nom
gloire;2;nom
glacial;2;adj
geste;2;nom
gertrude;2;nr
gazer;2;ver
gauche;2;nom
garrotter;2;ver
gangue;2;nom
gaieté;2;nom
fêter;2;ver
féliciter;2;ver
fâcher;2;ver
futur;2;adj
funeste;2;adj
fugitif;2;nom
frénésie;2;nom
frère;2;nom
fraîcheur;2;nom
frayeur;2;nom
fragment;2;nom
fourche;2;nom
fossile;2;nom
fonte;2;nom
fondre;2;ver
follement;2;adv
fluide;2;adj
flottant;2;adj
flore;2;nom
fleurir;2;ver
flaque;2;nom
flambeau;2;nom
fixité;2;nom
fixe;2;adj
fischausen;2;nr
filer;2;ver
fier;2;adj
fiançailles;2;nom
fiancé;2;nom
fertile;2;adj
fermeté;2;nom
faïence;2;nom
faîte;2;nom
faveur;2;nom
fauvette;2;nom
faute;2;nom
fatal;2;adj
fardeau;2;nom
fantasmagorie;2;nom
familier;2;adj
fameux;2;adj
facette;2;nom
extrême;2;adj
extravagant;2;adj
extase;2;nom
exploiter;2;ver
exploitation;2;nom
expansion;2;nom
excuser;2;ver
exclusif;2;adj
européen;2;nom
europe;2;nr
escalader;2;ver
erreur;2;nom
envoler;2;ver
envie;2;nom
entrouvert;2;adj
entreprise;2;nom
entreprendre;2;ver
entrave;2;nom
enthousiaste;2;adj
entamer;2;ver
enrichir;2;ver
ennemi;2;nom
enlever;2;ver
enivrant;2;adj
engloutir;2;ver
enfouir;2;ver
enfoncer;2;ver
endormi;2;adj
encombrer;2;ver
encombre;2;nom
enchâsser;2;ver
empyrée;2;nom
empourprer;2;ver
emploi;2;nom
embrasser;2;ver
embarrasser;2;ver
eider;2;nom
dôme;2;nom
dîner;2;nom
dévaster;2;ver
désoler;2;ver
désintéressé;2;adj
désintéressement;2;nom
désastre;2;nom
dérober;2;ver
déranger;2;ver
déprimer;2;ver
déplaire;2;ver
dépendance;2;nom
démontrer;2;ver
démesuré;2;adj
délirant;2;adj
délier;2;ver
délicat;2;adj
définir;2;ver
défaut;2;nom
défaire;2;ver
dédaigner;2;ver
décupler;2;ver
déclivité;2;nom
déchirure;2;nom
déception;2;nom
débarrasser;2;ver
durer;2;ver
dur;2;adj
dupe;2;adj
douzaine;2;nom
douleur;2;nom
dot;2;nom
donateur;2;nom
domestique;2;nom
docte;2;adj
disposition;2;nom
dislocation;2;nom
discuter;2;ver
discussion;2;nom
discordant;2;adj
direct;2;adj
diminuer;2;ver
diamètre;2;nom
demeure;2;nom
danser;2;ver
cèdre;2;nom
cuire;2;ver
cuir;2;nom
créature;2;nom
création;2;nom
cruellement;2;adv
cruel;2;adj
croupe;2;nom
croissant;2;adj
critique;2;adj
cristallisé;2;adj
cristallisations;2;nr
creux;2;adj
coûter;2;ver
courroucer;2;ver
courroie;2;nom
costume;2;nom
cornée;2;nom
corniche;2;nom
coquetterie;2;nom
convulsif;2;adj
convoitise;2;nom
conversation;2;nom
contrariété;2;nom
contraire;2;nom
contenu;2;nom
contact;2;nom
consulter;2;ver
construire;2;ver
consoler;2;ver
consister;2;ver
considérer;2;ver
conseiller;2;nom
conseil;2;nom
confondre;2;ver
confirmer;2;ver
confiant;2;adj
confesser;2;ver
condition;2;nom
condamner;2;ver
compter;2;ver
compresse;2;nom
composition;2;nom
composer;2;ver
commode;2;adj
commettre;2;ver
commencement;2;nom
combattre;2;ver
coléoptère;2;nom
colonnade;2;nom
colon;2;nom
circonstance;2;nom
chrysoprase;2;nr
choix;2;nom
chimique;2;adj
chimie;2;nom
chasse;2;nom
charmer;2;ver
chapiteau;2;nom
changeant;2;adj
chance;2;nom
centripète;2;adj
centrifuge;2;adj
centrale;2;nom
ceinture;2;nom
cassé;2;adj
carré;2;adj
carrière;2;nom
caractère;2;nom
calmer;2;ver
calculer;2;ver
calcul;2;nom
béant;2;adj
brûler;2;ver
brute;2;nom
brumeux;2;adj
brouter;2;ver
brouillard;2;nom
brick;2;nom
braver;2;ver
bourgeois;2;adj
bougie;2;nom
bosquet;2;nom
bonhomme;2;nom
bohême;2;nom
blessé;2;nom
blesser;2;ver
bienfait;2;nom
battement;2;nom
barre;2;nom
barbe;2;nom
bain;2;nom
bagage;2;nom
aviser;2;ver
avidement;2;adv
avide;2;adj
aveuglément;2;adv
aveugle;2;adj
aventure;2;nom
autrement;2;adv
autorité;2;nom
attendrissement;2;nom
atmosphère;2;nom
associer;2;ver
assister;2;ver
ascendant;2;adj
arranger;2;ver
armature;2;nom
argent;2;nom
arctique;2;adj
arborescent;2;adj
appuyer;2;ver
apprécier;2;ver
appréciation;2;nom
apporter;2;ver
appliquer;2;ver
apparition;2;nom
apparence;2;nom
apaiser;2;ver
antédiluvien;2;adj
animer;2;ver
angekok;2;nr
ange;2;nom
analogue;2;adj
ample;2;adj
aimable;2;adj
aigu;2;adj
affreux;2;adj
affirmer;2;ver
affection;2;nom
affamé;2;adj
adresse;2;nom
adorer;2;ver
admirer;2;ver
admirablement;2;adv
adieu;2;nom
adepte;2;nom
acquérir;2;ver
acier;2;nom
accompagner;2;ver
absorber;2;ver
abrupt;2;adj
abri;2;nom
abordage;2;nom
ôter;1;ver
évolution;1;nom
évidé;1;adj
évident;1;adj
évidemment;1;adv
évasé;1;adj
évanouissement;1;nom
étroitement;1;adv
étrangeté;1;nom
étrangement;1;adv
étourdir;1;ver
étiqueter;1;ver
éternellement;1;adv
étape;1;nom
étalage;1;nom
étage;1;nom
éruption;1;nom
érudit;1;nom
équité;1;nom
équite;1;nr
équatorial;1;adj
épuisement;1;nom
éprouvasse;1;nr
époux;1;nom
épouvanter;1;ver
épouvantable;1;adj
épiornis;1;nr
épine;1;nom
épicé;1;adj
éperonner;1;ver
épater;1;ver
épars;1;adj
épargner;1;ver
épanchement;1;nom
épaississement;1;nom
énergiquement;1;adv
énergique;1;adj
émouvoir;1;ver
émoussé;1;adj
éminence;1;nom
éminemment;1;adv
émeraude;1;nom
émanation;1;nom
émailler;1;ver
élégant;1;adj
élégance;1;nom
éloquent;1;adj
éloigner;1;ver
éloignement;1;nom
éloge;1;nom
élite;1;nom
électricité;1;nom
éjection;1;nom
églantine;1;nom
égaler;1;ver
éducation;1;nom
édredon;1;nom
écume;1;nom
écueil;1;nom
écroulement;1;nom
écraser;1;ver
écoulement;1;nom
écorcher;1;ver
économe;1;nom
école;1;nom
éclipser;1;ver
éclairé;1;adj
éclaireur;1;nom
éclair;1;nom
échelonner;1;ver
échelle;1;nom
échauffer;1;ver
échanger;1;ver
écarter;1;ver
ébrécher;1;ver
éboulement;1;nom
éblouissant;1;adj
ébauché;1;adj
ébattre;1;ver
âgé;1;adj
à_l_envie;1;nr
à_jeun;1;adv
zénith;1;nom
zone;1;nom
yatagan;1;nom
wrigt;1;nr
vésuve;1;nr
véhémence;1;nom
vulnéraire;1;nom
vulgairement;1;adv
vraisemblance;1;nom
volvic;1;nr
volupté;1;nom
volontaire;1;adj
voleur;1;nom
volant;1;adj
voisinage;1;nom
voilé;1;adj
voiler;1;ver
voie;1;nom
vocifération;1;nom
vocation;1;nom
vivement;1;adv
vivant;1;adj
vitré;1;adj
vitre;1;nom
vitesse;1;nom
vitalité;1;nom
visite;1;nom
virtualité;1;nom
violon;1;nom
violette;1;nom
violet;1;adj
violent;1;adj
villa;1;nom
vigueur;1;nom
vigoureux;1;adj
vieillard;1;nom
viande;1;nom
vertu;1;nom
vertigineux;1;adj
verticale;1;nom
verser;1;ver
versant;1;nom
vermeil;1;adj
verdir;1;ver
verbalement;1;adv
ventru;1;adj
velouté;1;adj
velouter;1;ver
veiner;1;ver
veiller;1;ver
variété;1;nom
varié;1;adj
vaquer;1;ver
vanter;1;ver
vanité;1;nom
vandale;1;nom
valse;1;nom
valsais;1;nr
vainement;1;adv
vagabondage;1;nom
vacarme;1;nom
utopie;1;nom
usitées;1;nr
user;1;ver
usage;1;nom
unité;1;nom
unisson;1;nom
uniforme;1;nom
uni;1;adj
téphrines;1;nr
témoignage;1;nom
tâche;1;nom
tyrol;1;nr
turquie;1;nr
tuméfié;1;adj
tumulaires;1;nr
trépassé;1;nom
trou;1;nom
troquer;1;ver
tronqué;1;adj
trompette;1;nom
tristement;1;adv
trembler;1;ver
travesti;1;nom
traverserions;1;nr
translucidités;1;nr
translucide;1;adj
transitoirement;1;adv
tranquillité;1;nom
tranchant;1;adj
tournée;1;nom
tourbillonner;1;ver
torturer;1;ver
torture;1;nom
tonnerre;1;nom
toit;1;nom
toiser;1;ver
toilette;1;nom
tiroir;1;nom
timonier;1;nom
timide;1;adj
thé;1;nom
terrifiant;1;adj
terrasse;1;nom
terme;1;nom
tenter;1;ver
tente;1;nom
tentative;1;nom
tenace;1;adj
tempête;1;nom
tempérer;1;ver
température;1;nom
temple;1;nom
teinter;1;ver
teinte;1;nom
teint;1;nom
technique;1;nom
taupe;1;nom
tas;1;nom
tardigrade;1;nom
tardif;1;adj
tanière;1;nom
talus;1;nom
talisman;1;nom
talc;1;nom
taffetas;1;nom
sévérité;1;nom
sérénité;1;nom
séricolite;1;nr
sépulture;1;nom
sédiment;1;nom
séculaire;1;adj
séance;1;nom
système;1;nom
syringa;1;nr
sympathique;1;adj
sympathie;1;nom
symbolisme;1;nom
symbolique;1;adj
symbole;1;nom
syllabe;1;nom
sybarite;1;nr
sustenter;1;ver
suspect;1;adj
susceptible;1;adj
survivant;1;nom
survivance;1;nom
survenir;1;ver
surveiller;1;ver
surveillance;1;nom
surpasser;1;ver
surmonter;1;ver
surhumain;1;adj
surexciter;1;ver
surexcitation;1;nom
suprême;1;adj
supprimer;1;ver
supportable;1;adj
support;1;nom
suppléât;1;nr
superstition;1;nom
superposé;1;adj
suffisamment;1;adv
sueur;1;nom
sucer;1;ver
succession;1;nom
subséquent;1;adj
subit;1;adj
stériliser;1;ver
style;1;nom
stupéfaction;1;nom
stupidité;1;nom
stupeur;1;nom
strié;1;adj
stratification;1;nom
stoïcisme;1;nom
spéculation;1;nom
spontanément;1;adv
spinelle;1;nr
spacieux;1;adj
soustrayais;1;nr
sous_sol;1;nom
source;1;nom
soupçonner;1;ver
souple;1;adj
soupir;1;nom
souper;1;nom
soulèvement;1;nom
soulagement;1;nom
souhait;1;nom
souffrance;1;nom
souffle;1;nom
sorcier;1;nom
sonorité;1;nom
sonde;1;nom
sollicitude;1;nom
solidifier;1;ver
soirée;1;nom
soigner;1;ver
soeur;1;nom
société;1;nom
smith;1;nr
siège;1;nom
sincérité;1;nom
sincère;1;adj
simplicité;1;nom
sillage;1;nom
silice;1;nom
silex;1;nom
silencieux;1;adj
signal;1;nom
sidéral;1;adj
shah;1;nom
seuil;1;nom
service;1;nom
serrement;1;nom
serment;1;nom
serin;1;nom
septentrional;1;adj
septembre;1;nom
sentimental;1;adj
section;1;nom
secourable;1;adj
scinder;1;ver
schiste;1;nom
scarabée;1;nom
savoureux;1;adj
sauvetage;1;nom
sauterelle;1;nom
satanique;1;adj
sardoine;1;nom
sanglant;1;adj
sanctuaire;1;nom
salutaire;1;adj
salle;1;nom
saler;1;ver
saisissable;1;adj
saint_pierre;1;nom
sagement;1;adv
sage;1;adj
sagacité;1;nom
sacrifier;1;ver
sabbat;1;nom
rôder;1;ver
rêvé;1;adj
rêverie;1;nom
révélateur;1;adj
révolution;1;nom
révolte;1;nom
réveil;1;nom
réunir;1;ver
rétablir;1;ver
résumé;1;nom
résonner;1;ver
résolûmes;1;nr
résolument;1;adv
résine;1;nom
résidence;1;nom
réservoir;1;nom
répugnant;1;adj
réponse;1;nom
réplique;1;nom
répercuter;1;ver
réparateur;1;nom
réjouir;1;ver
régime;1;nom
régaler;1;ver
régal;1;nom
réfléchi;1;adj
réfectoire;1;nom
réduction;1;nom
rédiger;1;ver
récrimination;1;nom
réconcilier;1;ver
récompenser;1;ver
réclamer;1;ver
réciproque;1;adj
récent;1;adj
récemment;1;adv
réaliser;1;ver
réalisation;1;nom
réagir;1;ver
râler;1;ver
rusé;1;adj
ruse;1;nom
ruine;1;nom
rugueux;1;adj
rugosité;1;nom
rubicond;1;adj
royal;1;adj
roulis;1;nom
rouille;1;nom
rougeâtre;1;adj
rossini;1;nr
roseau;1;nom
rosacées;1;nr
rompras;1;nr
rome;1;nr
roitelet;1;nom
roidissaient;1;nr
rognon;1;nom
rocheux;1;adj
rocailleux;1;adj
roc;1;nom
robuste;1;adj
risqué;1;adj
risquer;1;ver
rigoureux;1;adj
rhin;1;nr
revivre;1;ver
revisser;1;ver
revers;1;nom
revanche;1;nom
retrait;1;nom
retentissant;1;adj
ressource;1;nom
resseux;1;nr
ressaut;1;nom
responsabilité;1;nom
resplendir;1;ver
respecter;1;ver
requin;1;nom
repu;1;adj
représentation;1;nom
reproche;1;nom
reporter;1;ver
replacer;1;ver
repartir;1;ver
reparler;1;ver
renversé;1;adj
rente;1;nom
renseignement;1;nom
renne;1;nom
remplacement;1;nom
rempart;1;nom
remontrer;1;ver
remontra;1;nr
remise;1;nom
remanier;1;ver
remaniement;1;nom
relâcher;1;ver
relire;1;ver
religieux;1;adj
relier;1;ver
relativement;1;adv
rejeter;1;ver
reine;1;nom
regagner;1;ver
refermer;1;ver
redresser;1;ver
redressement;1;nom
recueillement;1;nom
rectangulaire;1;adj
recouvrer;1;ver
recoucher;1;ver
reconnaissance;1;nom
recommencer;1;ver
rechange;1;nom
rebelle;1;adj
rayonner;1;ver
rayer;1;ver
ravissant;1;adj
ravir;1;ver
ravine;1;nom
rattacher;1;ver
rassurer;1;ver
rassurant;1;adj
rassembler;1;ver
rassasier;1;ver
rapt;1;nom
rapprocher;1;ver
rapprochement;1;nom
rangée;1;nom
rance;1;adj
rameur;1;nom
ramer;1;ver
ralentir;1;ver
rajah;1;nom
rafale;1;nom
radoteur;1;nom
radieux;1;adj
race;1;nom
quinzaine;1;nom
questionner;1;ver
question;1;nom
quart;1;nom
pêle_mêle;1;adv
pêche;1;nom
péristyle;1;nom
périlleux;1;adj
pénétrable;1;adj
pédagogique;1;adj
pâte;1;nom
pâmer;1;ver
pâlir;1;ver
pyromorphite;1;nr
purpurin;1;adj
pureté;1;nom
pupille;1;nom
punir;1;ver
punch;1;nom
puits;1;nom
puanteur;1;nom
pseudonyme;1;nom
prévenir;1;ver
prétention;1;nom
présumer;1;ver
préférence;1;nom
prédire;1;ver
précéder;1;ver
précipiter;1;ver
précipice;1;nom
précaution;1;nom
préalablement;1;adv
près_des;1;nr
prunelle;1;nom
prudence;1;nom
providence;1;nom
provenir;1;ver
prouesse;1;nom
protester;1;ver
protection;1;nom
prosterner;1;ver
prosaïque;1;adj
proposition;1;nom
prophète;1;nom
prononcer;1;ver
promis;1;adj
prolonger;1;ver
prolongement;1;nom
progrès;1;nom
programme;1;nom
profil;1;nom
profession;1;nom
produit;1;nom
prodige;1;nom
procédé;1;nom
procéder;1;ver
problématique;1;adj
problème;1;nom
probable;1;adj
prison;1;nom
priser;1;ver
printemps;1;nom
princier;1;adj
prince;1;nom
prier;1;ver
preuve;1;nom
prestigieux;1;adj
prestesse;1;nom
pressé;1;adj
pressant;1;adj
praticable;1;adj
poétique;1;adj
pourvoir;1;ver
pourpier;1;nom
potier;1;nom
poste;1;nom
possibilité;1;nom
possession;1;nom
porteur;1;nom
portatif;1;adj
poreux;1;adj
porc_épic;1;nom
population;1;nom
pontgibault;1;nr
poncer;1;ver
pommier;1;nom
poltronnerie;1;nom
poli;1;adj
pois;1;nom
pointer;1;ver
poing;1;nom
poindre;1;ver
poignet;1;nom
poignant;1;adj
plâtre;1;nom
plomb;1;nom
pleuvoir;1;ver
pleur;1;nom
plate_forme;1;nom
plat;1;adj
planter;1;ver
plancher;1;nom
planche;1;nom
plan;1;nom
plaisanterie;1;nom
plaisanter;1;ver
plaintif;1;adj
plain;1;nom
plafond;1;nom
piège;1;nom
pièce;1;nom
pittoresquement;1;nr
pire;1;adj
piquer;1;ver
piller;1;ver
pierrerie;1;nr
pie;1;nom
phosphaté;1;nr
phase;1;nom
phalène;1;nom
phalange;1;nom
peupler;1;ver
petitesse;1;nom
pesant;1;adj
perturbation;1;nom
persuader;1;ver
persistant;1;adj
persistance;1;nom
perpétuel;1;adj
permission;1;nom
permanent;1;adj
perfide;1;adj
perfection;1;nom
pension;1;nom
pencher;1;ver
penchant;1;nom
pelage;1;nom
paître;1;ver
payer;1;ver
pavé;1;nom
patron;1;nom
patrie;1;nom
paternel;1;adj
passionnément;1;adv
passion;1;nom
partiellement;1;adv
particulièrement;1;adv
parterre;1;nom
paroxysme;1;nom
parlemoi;1;nr
parier;1;ver
parfumé;1;adj
paresse;1;nom
parer;1;ver
parcours;1;nom
parcelle;1;nom
paradis;1;nom
paquet;1;nom
papillon;1;nom
palpiter;1;ver
palpitation;1;nom
palpable;1;adj
palmier;1;nom
paisible;1;adj
pain;1;nom
pacotille;1;nom
ouvrage;1;nom
outremer;1;nom
ours;1;nom
ouragan;1;nom
ouest;1;nom
ossement;1;nom
orthoclase;1;nr
orné;1;adj
orientation;1;nom
oriental;1;adj
organique;1;adj
orfèvrerie;1;nom
orangé;1;adj
orange;1;nom
oral;1;nom
opérer;1;ver
opération;1;nom
opprimer;1;ver
oppositifolia;1;nr
opposer;1;ver
opalin;1;adj
ondulation;1;nom
onde;1;nom
ombreux;1;adj
ombrage;1;nom
olivâtre;1;adj
olivine;1;nom
olive;1;nom
oisiveté;1;nom
oie;1;nom
oeuvre;1;nom
océanie;1;nr
occidental;1;adj
occasion;1;nom
obéissance;1;nom
obtus;1;adj
obstiner;1;ver
obstacle;1;nom
obscurcir;1;ver
oblitérer;1;ver
obligeance;1;nom
obligation;1;nom
négociant;1;nom
nébuleux;1;adj
nuée;1;nom
nuremberg;1;nr
novice;1;nom
nouvellement;1;adv
nouvel;1;adj
note;1;nom
notable;1;adj
nostalgie;1;nom
nopals;1;nr
nonchalant;1;adj
nommer;1;ver
noircir;1;ver
noeud;1;nom
noce;1;nom
niveler;1;ver
nimber;1;ver
nimbe;1;nom
niaiserie;1;nom
niagara;1;nr
netteté;1;nom
nectar;1;nom
neckar;1;nr
navrer;1;ver
navigation;1;nom
naufrage;1;nom
narration;1;nom
nacré;1;adj
métier;1;nom
méthode;1;nom
métaphysique;1;adj
métaphore;1;nom
métamorphisme;1;nr
mépriser;1;ver
méprisant;1;adj
ménager;1;ver
mélanger;1;ver
mélange;1;nom
mélancolique;1;adj
mélancolie;1;nom
mégalosoma;1;nr
méfier;1;ver
médecin;1;nom
mécontentement;1;nom
mécontent;1;adj
méconnaissable;1;adj
méchant;1;adj
mécanisme;1;nom
myriade;1;nom
mutisme;1;nom
mutinèrent;1;nr
musqué;1;adj
multitude;1;nom
mozart;1;nr
mouvement;1;nom
moutonnement;1;nom
moussu;1;adj
mouillé;1;adj
mouflon;1;nom
mouchoir;1;nom
moucher;1;ver
mortel;1;nom
morsure;1;nom
morse;1;nom
mordre;1;ver
mordant;1;nom
morceau;1;nom
morale;1;nom
moqueur;1;adj
montant;1;nom
monotone;1;adj
monarque;1;nom
molécule;1;nom
moellon;1;nom
moelleux;1;adj
modérer;1;ver
modification;1;nom
modeste;1;adj
mode;1;nom
mnémotechnique;1;adj
misère;1;nom
mission;1;nom
miroiter;1;ver
miroitant;1;adj
minéralogistes;1;nr
minutieux;1;adj
minutie;1;nom
mignon;1;adj
midi;1;nom
mi_août;1;nom
meurtrir;1;ver
meurtre;1;nom
mesquin;1;adj
merveilleusement;1;adv
menton;1;nom
menhir;1;nom
mener;1;ver
menacer;1;ver
melon;1;nom
maudit;1;adj
matérialiste;1;adj
matrone;1;nom
matinée;1;nom
matinal;1;adj
mathématicien;1;nom
mastodonte;1;nom
massif;1;adj
massacre;1;nom
masquer;1;ver
marmotte;1;nom
marge;1;nom
marché;1;nom
marcheur;1;nom
marbré;1;adj
marbrer;1;ver
marbre;1;nom
manège;1;nom
manteau;1;nom
manifester;1;ver
manifestation;1;nom
maniable;1;adj
manganèse;1;nom
mandibule;1;nom
malle;1;nom
malicieux;1;adj
malheureusement;1;adv
malfaisant;1;adj
maladroitement;1;adv
maladresse;1;nom
malachites;1;nr
majesté;1;nom
majestueusement;1;adv
maigrir;1;ver
mai;1;nom
magnétique;1;adj
magnificence;1;nom
magasin;1;nom
maestria;1;nom
madrigal;1;nom
machine;1;nom
légèreté;1;nom
légende;1;nom
lèpre;1;nom
là_haut;1;adv
lychnis;1;nom
luxuriant;1;adj
lutter;1;ver
lutte;1;nom
lunette;1;nom
luisant;1;adj
luire;1;ver
lugubre;1;adj
loyal;1;adj
lourdement;1;adv
loupe;1;nom
loup;1;nom
louage;1;nom
loredana;1;nr
longer;1;ver
logement;1;nom
locomotion;1;nom
localité;1;nom
localement;1;adv
littéral;1;adj
lithologique;1;nr
lisse;1;adj
lisible;1;adj
lion;1;nom
linotte;1;nom
linge;1;nom
libéralité;1;nom
lenteur;1;nom
lent;1;adj
lazulite;1;nr
lassitude;1;nom
lasser;1;ver
larve;1;nom
larron;1;nom
lampée;1;nom
lame;1;nom
lambeau;1;nom
laideur;1;nom
labradorite;1;nr
kiosque;1;nom
kiel;1;nr
kane;1;nr
jus;1;nom
juif;1;adj
judicieux;1;adj
journalier;1;adj
joujoux;1;nom
jouissance;1;nom
jouir;1;ver
jouet;1;nom
joindre;1;ver
joaillerie;1;nom
jeunesse;1;nom
jeu;1;nom
jet;1;nom
jaunir;1;ver
jaspes;1;nr
japper;1;ver
jambe;1;nom
jalousie;1;nom
jaillissant;1;adj
jackson;1;nr
ispahan;1;nr
isolement;1;nom
isabelle;1;adj
irrésistiblement;1;adv
irrésistible;1;adj
irréprochable;1;adj
irrégulier;1;adj
irritation;1;nom
irritant;1;adj
inépuisable;1;adj
inénarrable;1;adj
inégal;1;adj
invraisemblable;1;adj
invincible;1;adj
intégrantes;1;nr
introduire;1;ver
intriguer;1;ver
interstice;1;nom
intermédiaire;1;nom
intact;1;adj
insurmontable;1;adj
instruit;1;adj
instructif;1;adj
instinctivement;1;adv
instantanément;1;adv
installer;1;ver
installation;1;nom
insouciance;1;nom
insignifiant;1;adj
insecte;1;nom
insaisissable;1;adj
inquiétant;1;adj
inoffensif;1;adj
innomé;1;nr
injure;1;nom
ingambe;1;adj
inférieur;1;adj
informer;1;ver
informe;1;adj
inflexible;1;adj
infirmité;1;nom
infirme;1;adj
infiniment;1;adv
infidèle;1;nom
infernal;1;adj
inexpugnable;1;adj
inexact;1;adj
indéfinissable;1;adj
indécis;1;adj
industriel;1;adj
indulgent;1;adj
indomptable;1;adj
individualité;1;nom
individu;1;nom
indissoluble;1;adj
indigène;1;nom
indignation;1;nom
indigent;1;nom
indicible;1;adj
indice;1;nom
incrédulité;1;nom
incrédule;1;adj
incrustation;1;nom
incorruptible;1;adj
incontestable;1;adj
incompréhensible;1;adj
incolore;1;adj
inclination;1;nom
incessant;1;adj
incertain;1;adj
incendie;1;nom
incandescent;1;adj
inappréciable;1;adj
inaccessible;1;adj
impétuosité;1;nom
impétueux;1;adj
impétueusement;1;adv
imprévu;1;nom
imprégner;1;ver
imprudence;1;nom
imprudemment;1;adv
impraticable;1;adj
imposer;1;ver
importance;1;nom
impatienter;1;ver
impatient;1;adj
immédiat;1;adj
immortel;1;adj
immobilité;1;nom
immensité;1;nom
immaculé;1;adj
imbécile;1;nom
imbriquer;1;ver
illustre;1;adj
illuminer;1;ver
ignorance;1;nom
ignition;1;nom
ignare;1;adj
idiotisme;1;nom
hérisser;1;ver
hébétement;1;nom
hymen;1;nom
hyalins;1;nr
hyacintes;1;nr
huître;1;nom
humilier;1;ver
humiliation;1;nom
humiliant;1;adj
humboldt;1;nr
humble;1;adj
houx;1;nom
houle;1;nom
houillère;1;nom
hostilité;1;nom
hostile;1;adj
horlogerie;1;nom
horde;1;nom
honnêtement;1;adv
homogène;1;adj
hommage;1;nom
hoffmann;1;nr
hivernera;1;nr
hiverner;1;ver
hiver;1;nom
heurter;1;ver
heureusement;1;adv
hespéris;1;nr
herbe;1;nom
herbage;1;nom
haïr;1;ver
hausser;1;ver
harmonieux;1;adj
hargneux;1;adj
hanneton;1;nom
hameçon;1;nom
hamac;1;nom
haleine;1;nom
haie;1;nom
habituellement;1;adv
habituel;1;adj
habitation;1;nom
habiller;1;ver
géomètre;1;nom
génie;1;nom
gémissement;1;nom
gâter;1;ver
gypse;1;nom
gymnastique;1;nom
gueule;1;nom
guerrier;1;nom
grésillement;1;nom
grèbe;1;nom
grouper;1;ver
groupement;1;nom
groupe;1;nom
groenland;1;nr
grive;1;nom
grisâtre;1;adj
griffonner;1;ver
griffe;1;nom
grenouille;1;nom
grenade;1;nom
grec;1;nom
gravîmes;1;nr
gravité;1;nom
gras;1;adj
granit;1;nom
grandir;1;ver
grandiflora;1;nr
grandeur;1;nom
grand_peine;1;adv
grain;1;nom
gradin;1;nom
grade;1;nom
gracieux;1;adj
goûter;1;ver
goût;1;nom
gommeux;1;adj
golconde;1;nr
gobelet;1;nom
gluant;1;adj
glorieux;1;adj
glaçon;1;nom
glauque;1;adj
glapissement;1;nom
glacer;1;ver
gin;1;nom
gibier;1;nom
germer;1;ver
germe;1;nom
germanique;1;adj
gerbe;1;nom
genévrier;1;nom
genèse;1;nom
gelée;1;nom
gazonnées;1;nr
garde_malade;1;nom
galène;1;nom
galant;1;adj
gaiement;1;adv
fétu;1;nom
férocité;1;nom
féodal;1;adj
féerique;1;adj
fébrile;1;adj
fusée;1;nom
fusible;1;nom
fureter;1;ver
funérailles;1;nom
fumée;1;nom
fumant;1;adj
fréquenter;1;ver
fréquence;1;nom
frénétique;1;adj
frotter;1;ver
frottement;1;nom
fronton;1;nom
froisser;1;ver
frissonner;1;ver
friable;1;adj
franger;1;ver
franchise;1;nom
franc;1;adj
fragile;1;adj
fracassant;1;adj
fracas;1;nom
foulard;1;nom
fouiller;1;ver
fougère;1;nom
fouettai;1;nr
fouet;1;nom
foudroyer;1;ver
fortuné;1;adj
forteresse;1;nom
fortement;1;adv
formulé;1;adj
formuler;1;ver
formule;1;nom
forgeron;1;nom
forestier;1;adj
fonds;1;nom
fonder;1;ver
foncer;1;ver
flétrir;1;ver
fluorites;1;nr
flotte;1;nom
floraison;1;nom
flocon;1;nom
fleuve;1;nom
flattiez;1;nr
fissure;1;nom
fischerburg;1;nr
fischemberg;1;nr
finement;1;adv
filon;1;nom
fil;1;nom
fierté;1;nom
fidélité;1;nom
fiction;1;nom
feuillu;1;adj
feuillet;1;nom
feuillage;1;nom
festin;1;nom
ferveur;1;nom
fervent;1;adj
fermement;1;adv
feinte;1;nom
feignant;1;adj
favoriser;1;ver
fausser;1;ver
faune;1;nom
fascinerez;1;nr
fasciner;1;ver
fascination;1;nom
farcir;1;ver
fantôme;1;nom
fanfare;1;nom
fait;1;nom
faisceau;1;nom
faiblir;1;ver
faiblesse;1;nom
faiblement;1;adv
faible;1;adj
fabuleux;1;adj
fable;1;nom
extérieurement;1;adv
extravagance;1;nom
exquis;1;adj
expérience;1;nom
expédition;1;nom
explosion;1;nom
exploration;1;nom
explorateur;1;nom
exiguïté;1;nom
exhaler;1;ver
exercice;1;nom
exemple;1;nom
excuse;1;nom
exclamation;1;nom
exaspérer;1;ver
exalté;1;adj
exaltation;1;nom
exagération;1;nom
exactitude;1;nom
exactement;1;adv
exact;1;adj
ex_mari;1;nom
euclase;1;nr
etc;1;adv
essor;1;nom
essence;1;nom
essai;1;nom
esquille;1;nom
espiègle;1;adj
escorte;1;nom
esclavage;1;nom
escarpé;1;adj
escapade;1;nom
errer;1;ver
envoi;1;nom
environner;1;ver
enveloppé;1;adj
entrevoir;1;ver
entrepont;1;nom
entrefaite;1;nom
entrailles;1;nom
entassement;1;nom
ensevelir;1;ver
enseigner;1;ver
enrhumer;1;ver
enorgueillir;1;ver
enlaidir;1;ver
enlacer;1;ver
enjouement;1;nom
enivrer;1;ver
enhardir;1;ver
engourdi;1;adj
engin;1;nom
enfumé;1;adj
enfuir;1;ver
enfourcher;1;ver
enfantement;1;nom
enduire;1;ver
endommager;1;ver
encrier;1;nom
encourir;1;ver
encouragement;1;nom
enclume;1;nom
enchâssées;1;nr
enchanter;1;ver
empêchement;1;nom
emprisonner;1;ver
empresser;1;ver
empoisonneur;1;nom
employer;1;ver
emplacement;1;nom
empester;1;ver
embrouiller;1;ver
embrasement;1;nom
emblème;1;nom
embellir;1;ver
embellie;1;nom
embarrassé;1;adj
embarras;1;nom
embarquer;1;ver
eldorado;1;nom
effronté;1;nom
efflorescences;1;nr
efflorescence;1;nom
dûment;1;adv
dévoué;1;adj
dévouement;1;nom
détruisissent;1;nr
détritus;1;nom
détonation;1;nom
désunir;1;ver
désespérance;1;nom
désemparer;1;ver
désagréable;1;adj
dérouler;1;ver
dérision;1;nom
dépêcher;1;ver
dépression;1;nom
dépourvu;1;adj
dépouille;1;nom
déplacer;1;ver
dépenser;1;ver
dépense;1;nom
dépendre;1;ver
dénégation;1;nom
dénuer;1;ver
dénudé;1;adj
dénomination;1;nom
démenti;1;nom
démence;1;nom
délayées;1;nr
dégât;1;nom
déguisement;1;nom
défense;1;nom
défaillance;1;nom
déduction;1;nom
dédommagement;1;nom
dédaignées;1;nr
dédaigneux;1;nom
dédaigneusement;1;adv
décréter;1;ver
décrire;1;ver
découragement;1;nom
décourageant;1;adj
découper;1;ver
décor;1;nom
déconcertai;1;nr
décombre;1;nom
décisif;1;adj
décidément;1;adv
déchoir;1;ver
début;1;nom
débiter;1;ver
débilitant;1;adj
débattre;1;ver
durable;1;adj
duc;1;nom
drogue;1;nom
draper;1;ver
douceur;1;nom
doucement;1;adv
doublâmes;1;nr
doré;1;adj
domicilié;1;adj
domicile;1;nom
domaine;1;nom
docile;1;adj
dizaine;1;nom
divan;1;nom
distraction;1;nom
distinct;1;adj
dissoute;1;adj
dissertation;1;nom
disloquer;1;ver
disgrâce;1;nom
discrétion;1;nom
discipline;1;nom
discerner;1;ver
discernement;1;nom
directoire;1;nom
direction;1;nom
directeur;1;nom
dimanche;1;nom
digestif;1;adj
différence;1;nom
difforme;1;adj
difficulté;1;nom
dialogue;1;nom
devancier;1;nom
devancer;1;ver
destruction;1;nom
dessécher;1;ver
dessin;1;nom
dessillée;1;nr
dessert;1;nom
despotique;1;adj
description;1;nom
derrrière;1;nr
dentelé;1;adj
dent;1;nom
delà;1;adv
danse;1;nom
dame;1;nom
dallage;1;nom
dais;1;nom
dada;1;nom
cérusite;1;nr
célèbre;1;adj
céder;1;ver
cytise;1;nom
cynégétique;1;adj
cyclopéen;1;adj
cuvette;1;nom
curtius;1;nr
cupidité;1;nom
cuisinier;1;nom
cuisine;1;nom
cuirasse;1;nom
crédulité;1;nom
créateur;1;adj
cruauté;1;nom
croître;1;ver
croiser;1;ver
crochu;1;adj
crocheteur;1;nom
cristallo;1;nr
cristalliser;1;ver
crisper;1;ver
crise;1;nom
crime;1;nom
criard;1;adj
crevasse;1;nom
craquement;1;nom
craintif;1;adj
craie;1;nom
coutume;1;nom
coussin;1;nom
courtisan;1;nom
couronner;1;ver
cour;1;nom
coulis;1;nom
couleuvre;1;nom
corselet;1;nom
corriger;1;ver
corne;1;nom
cordage;1;nom
copieux;1;adj
convertir;1;ver
convenable;1;adj
contrarier;1;ver
contourner;1;ver
continent;1;nom
conterais;1;nr
conter;1;ver
contenance;1;nom
contemplation;1;nom
consécutif;1;adj
constituer;1;ver
constellation;1;nom
constamment;1;adv
consolant;1;adj
considération;1;nom
considérablement;1;adv
conservation;1;nom
conquête;1;nom
conjurent;1;nr
conjecture;1;nom
conifère;1;nom
congédier;1;ver
confusément;1;adv
conformément;1;adv
conformation;1;nom
condisciple;1;nom
concours;1;nom
concourant;1;adj
concilier;1;ver
compréhension;1;nom
compromis;1;nom
complaisant;1;adj
complaire;1;ver
compassion;1;nom
compagnie;1;nom
commission;1;nom
commercial;1;adj
commander;1;ver
commandant;1;nom
comique;1;adj
comestible;1;adj
combustible;1;nom
combiner;1;ver
combat;1;nom
collègue;1;nom
collège;1;nom
collet;1;nom
coller;1;ver
coiffer;1;ver
coffret;1;nom
coction;1;nom
clôture;1;nom
clore;1;ver
classement;1;nom
clairière;1;nom
clairement;1;adv
civilisé;1;adj
civilisation;1;nom
citrouille;1;nom
circuler;1;ver
chèvre;1;nom
châtier;1;ver
château;1;nom
châssis;1;nom
chute;1;nom
chrysocale;1;nr
choquant;1;adj
choir;1;ver
choc;1;nom
chimérique;1;adj
chimiste;1;nom
chevrotant;1;adj
cheval;1;nom
chaîne;1;nom
chauve;1;adj
chatoyer;1;ver
chatoyant;1;adj
chatoiement;1;nom
chat;1;nom
chasseur;1;nom
chariot;1;nom
chargement;1;nom
chardon;1;nom
charbon;1;nom
chapeau;1;nom
chaos;1;nom
champignon;1;nom
chamarré;1;adj
chair;1;nom
centigrade;1;nom
ceindre;1;ver
cavalier;1;nom
causât;1;nr
cauchemar;1;nom
catalogue;1;nom
cassure;1;nom
cassette;1;nom
casier;1;nom
carton;1;nom
carnassier;1;adj
carnage;1;nom
caresser;1;ver
caressant;1;adj
carbonifères;1;nr
carbone;1;nom
carbonaté;1;nr
carapace;1;nom
capricieux;1;adj
caprice;1;nom
capacité;1;nom
canon;1;nom
cannelure;1;nom
canine;1;adj
canal;1;nom
camarade;1;nom
calorique;1;adj
calmant;1;nom
calcédoines;1;nr
calciné;1;adj
calciner;1;ver
caisse;1;nom
cadran;1;nom
cadeau;1;nom
cachemire;1;nom
cabane;1;nom
cabalistique;1;adj
bénédiction;1;nom
bénir;1;ver
bureau;1;nom
buissonnier;1;adj
buisson;1;nom
buffle;1;nom
brûlant;1;adj
bruyant;1;adj
broyer;1;ver
broderie;1;nom
broder;1;ver
broche;1;nom
brocanteur;1;nom
brisure;1;nom
bref;1;adv
brassée;1;nom
brasse;1;nom
bouvreuil;1;nom
boutique;1;nom
bouteille;1;nom
boursouflé;1;adj
bourrer;1;ver
bourrasque;1;nom
bouquet;1;nom
boule;1;nom
bouillonnement;1;nom
bouillon;1;nom
bouffée;1;nom
boucher;1;ver
botaniste;1;nom
borné;1;adj
bonsoir;1;nom
bonnement;1;adv
bonjour;1;nom
bonhomie;1;nom
bombyx;1;nom
bombance;1;nom
boisson;1;nom
bocager;1;adj
blâmer;1;ver
blottir;1;ver
bloquer;1;ver
blond;1;adj
blasphème;1;nom
blaisement;1;nr
blaisant;1;nr
bivacs;1;nr
bison;1;nom
billevesée;1;nom
bijoux;1;nom
bijoutier;1;nom
bijouterie;1;nom
bermudiennes;1;nr
bercer;1;ver
berceau;1;nom
bellot;1;adj
bel;1;adj
beffroi;1;nom
beau_père;1;nom
bavarder;1;ver
bateau;1;nom
basané;1;adj
basalte;1;nom
baptiser;1;ver
ballotter;1;ver
baleine;1;nom
balayer;1;ver
baiser;1;nom
baigner;1;ver
bagatelle;1;nom
bacchanale;1;nom
aîné;1;adj
azurites;1;nr
axe;1;nom
avorton;1;nom
avorter;1;ver
aviserions;1;nr
aveu;1;nom
avertir;1;ver
aversion;1;nom
aventurine;1;nr
aventurer;1;ver
avarier;1;nr
avantage;1;nom
avaler;1;ver
avalanche;1;nom
auvergne;1;nom
autoriser;1;ver
autorisation;1;nom
autel;1;nom
aurochs;1;nom
auprès_desquels;1;nr
augmenter;1;ver
augmentation;1;nom
auditoire;1;nom
auditeur;1;nom
audace;1;nom
au_dessous;1;adv
attribut;1;nom
attribuer;1;ver
attrait;1;nom
attitude;1;nom
attirer;1;ver
atteler;1;ver
attelage;1;nom
atrophie;1;nom
atroce;1;adj
atlantique;1;adj
astragale;1;nom
assurance;1;nom
assouvir;1;ver
assouplir;1;ver
assorti;1;adj
associé;1;nom
association;1;nom
assiéger;1;ver
assise;1;nom
assigner;1;ver
assiette;1;nom
assidu;1;adj
assertion;1;nom
assassiner;1;ver
assassin;1;nom
assainir;1;ver
aspérité;1;nom
asie;1;nr
asbeste;1;nom
artificiel;1;adj
artichaut;1;nom
arrêt;1;nom
arroser;1;ver
arrondir;1;ver
arrondi;1;adj
arrière_plan;1;nom
arrivée;1;nom
arrivant;1;nom
arménien;1;adj
armée;1;nom
armer;1;ver
arme;1;nom
aridité;1;nom
argile;1;nom
architecture;1;nom
arceau;1;nom
arborescence;1;nom
araucaria;1;nom
aptitude;1;nom
appétit;1;nom
appui;1;nom
appréhension;1;nom
appréciable;1;adj
approvisionner;1;ver
approvisionnement;1;nom
approprier;1;ver
appropriation;1;nom
appointement;1;nom
application;1;nom
applaudissement;1;nom
appauvrir;1;ver
appartement;1;nom
aplatir;1;ver
apaisions;1;nr
anéantir;1;ver
antérieur;1;adj
antisocial;1;adj
antique;1;adj
antimoine;1;nom
antihumaines;1;nr
anthracite;1;adj
anse;1;nom
anneau;1;nom
animisme;1;nom
angélique;1;adj
anguleux;1;adj
angoisse;1;nom
angle;1;nom
anatomie;1;nom
ananas;1;nom
analogie;1;nom
amèrement;1;adv
amusement;1;nom
amulette;1;nom
amphibole;1;nr
amphibie;1;adj
amour_propre;1;nom
amortir;1;ver
amiante;1;nom
ambre;1;nom
amant;1;nom
amadis;1;nr
alumine;1;nr
alpestre;1;adj
almandie;1;nr
alléger;1;ver
allumer;1;ver
alexandre;1;nr
albâtre;1;nom
aitres;1;nr
aimanter;1;ver
aigue_marine;1;nom
agréer;1;ver
agréablement;1;adv
agrandir;1;ver
agiter;1;ver
aggraver;1;ver
agate;1;nom
affronter;1;ver
affliger;1;ver
affectueux;1;adj
affectes;1;nr
affaissement;1;nom
affaiblir;1;ver
adorateur;1;nom
adopter;1;ver
admonition;1;nom
activité;1;nom
acrobate;1;nom
achever;1;ver
accueillir;1;ver
accueil;1;nom
accoutumer;1;ver
accessible;1;adj
accabler;1;ver
abîmer;1;ver
abus;1;nom
absent;1;adj
abrité;1;adj
abondant;1;adj
abondance;1;nom
abondamment;1;adv
abjuration;1;nom
abasourdir;1;ver
abaisser;1;ver
80e;1;nr